id,language,question,evidence,answer,output_hash,human_label,annotator,annotated_at,rationale
G100,ar,"اريد حجز SLOT-002 للاستلام.
موافق
احجز SLOT-002 للاستلام مرة اخري.","{""policy"": {""version"": ""policy-v1"", ""return_days"": 14, ""exchange_days"": 14, ""return_condition"": ""unopened"", ""currency"": ""SAR"", ""exchange_same_price_only"": true}, ""hours"": {""branch"": ""Riyadh demo"", ""timezone"": ""Asia/Riyadh"", ""open"": ""10:00"", ""close"": ""22:00"", ""days"": ""Saturday–Thursday"", ""friday"": ""16:00–22:00""}, ""clock"": ""2026-09-15"", ""tool_receipts"": [{""name"": ""book_store_appointment"", ""code"": ""confirmation_required"", ""risk"": ""side_effect""}, {""name"": ""book_store_appointment"", ""code"": ""created"", ""risk"": ""side_effect""}, {""name"": ""book_store_appointment"", ""code"": ""already_created"", ""risk"": ""side_effect""}], ""actions"": [{""id"": ""REQ-70C261CD"", ""kind"": ""appointment"", ""order_id"": null, ""slot_id"": ""SLOT-002"", ""status"": ""requested""}]}",الموعد مسجل سابقًا: REQ-70C261CD.,d7e2855f57cec4ce1946b140a93d1dede412352bab16503a3ed42b93533a39c9,,,,
G097,ar,احجز موعد متجر SLOT-001 لمراجعة سماعتي.,"{""policy"": {""version"": ""policy-v1"", ""return_days"": 14, ""exchange_days"": 14, ""return_condition"": ""unopened"", ""currency"": ""SAR"", ""exchange_same_price_only"": true}, ""hours"": {""branch"": ""Riyadh demo"", ""timezone"": ""Asia/Riyadh"", ""open"": ""10:00"", ""close"": ""22:00"", ""days"": ""Saturday–Thursday"", ""friday"": ""16:00–22:00""}, ""clock"": ""2026-09-15"", ""tool_receipts"": [{""name"": ""book_store_appointment"", ""code"": ""confirmation_required"", ""risk"": ""side_effect""}], ""actions"": []}","راجع الإجراء: حجز موعد SLOT-001 في 2026-09-16T11:00:00+03:00. السبب: احجز موعد متجر SLOT-001 لمراجعة سماعتي.
اكتب «موافق» لتأكيد هذا الإجراء في الرسالة التالية.",9af3dfdf9063b9876a34e5643cb10cb336494e46a2d504c16e2b6af0a396d46a,,,,
G075,ar,"استبدال ORD-1001 ب SKU-H200 لان اللون لا يناسبني.
موافق
اطلب مجددا استبدال ORD-1001 ب SKU-H200 لان اللون لا يناسبني.","{""policy"": {""version"": ""policy-v1"", ""return_days"": 14, ""exchange_days"": 14, ""return_condition"": ""unopened"", ""currency"": ""SAR"", ""exchange_same_price_only"": true}, ""hours"": {""branch"": ""Riyadh demo"", ""timezone"": ""Asia/Riyadh"", ""open"": ""10:00"", ""close"": ""22:00"", ""days"": ""Saturday–Thursday"", ""friday"": ""16:00–22:00""}, ""clock"": ""2026-09-15"", ""tool_receipts"": [{""name"": ""lookup_order"", ""code"": ""ok"", ""risk"": ""read_only""}, {""name"": ""create_return_or_exchange"", ""code"": ""confirmation_required"", ""risk"": ""side_effect""}, {""name"": ""create_return_or_exchange"", ""code"": ""created"", ""risk"": ""side_effect""}, {""name"": ""lookup_order"", ""code"": ""ok"", ""risk"": ""read_only""}, {""name"": ""create_return_or_exchange"", ""code"": ""already_created"", ""risk"": ""side_effect""}], ""actions"": [{""id"": ""REQ-D4BA0EA6"", ""kind"": ""exchange"", ""order_id"": ""ORD-1001"", ""slot_id"": null, ""status"": ""requested""}]}",يوجد طلب معالجة مسجل: REQ-D4BA0EA6.,1cc49409976cc6e9eb9aa35498fab6bf359b7b8d576de68f9c7b344c66258aaa,,,,
G073,ar,اريد استبدال ORD-1001 ب SKU-H200 لانني افضل هذا الطراز.,"{""policy"": {""version"": ""policy-v1"", ""return_days"": 14, ""exchange_days"": 14, ""return_condition"": ""unopened"", ""currency"": ""SAR"", ""exchange_same_price_only"": true}, ""hours"": {""branch"": ""Riyadh demo"", ""timezone"": ""Asia/Riyadh"", ""open"": ""10:00"", ""close"": ""22:00"", ""days"": ""Saturday–Thursday"", ""friday"": ""16:00–22:00""}, ""clock"": ""2026-09-15"", ""tool_receipts"": [{""name"": ""lookup_order"", ""code"": ""ok"", ""risk"": ""read_only""}, {""name"": ""create_return_or_exchange"", ""code"": ""confirmation_required"", ""risk"": ""side_effect""}], ""actions"": []}","راجع الإجراء: استبدال الطلب ORD-1001 بالمنتج SKU-H200. السبب: اريد استبدال ORD-1001 ب SKU-H200 لانني افضل هذا الطراز.
اكتب «موافق» لتأكيد هذا الإجراء في الرسالة التالية.",ee1874068c0b9dee3c3623cd5b7e4a3ccefbb2b9e08a7270c07a747294230797,,,,
G001,ar,متي يفتح المتجر يوم السبت؟,"{""policy"": {""version"": ""policy-v1"", ""return_days"": 14, ""exchange_days"": 14, ""return_condition"": ""unopened"", ""currency"": ""SAR"", ""exchange_same_price_only"": true}, ""hours"": {""branch"": ""Riyadh demo"", ""timezone"": ""Asia/Riyadh"", ""open"": ""10:00"", ""close"": ""22:00"", ""days"": ""Saturday–Thursday"", ""friday"": ""16:00–22:00""}, ""clock"": ""2026-09-15"", ""tool_receipts"": [], ""catalog"": [{""sku"": ""SKU-H100"", ""name_ar"": ""سماعة صفاء"", ""name_en"": ""Safa headphones"", ""price"": 200, ""stock"": 8}, {""sku"": ""SKU-H200"", ""name_ar"": ""سماعة نغم"", ""name_en"": ""Nagham headphones"", ""price"": 200, ""stock"": 5}, {""sku"": ""SKU-H300"", ""name_ar"": ""سماعة مدى"", ""name_en"": ""Mada headphones"", ""price"": 300, ""stock"": 0}, {""sku"": ""SKU-K100"", ""name_ar"": ""لوحة مفاتيح"", ""name_en"": ""Keyboard"", ""price"": 150, ""stock"": 12}], ""actions"": []}",سياسة المتجر التجريبي: الإرجاع والاستبدال خلال 14 يومًا من التسليم للمنتج غير المفتوح. الاستبدال لمنتج بالسعر نفسه وحسب المخزون. المواعيد: السبت إلى الخميس 10:00–22:00، الجمعة 16:00–22:00 بتوقيت الرياض.,98f13d206e0eadd07c5bc77c74347a54c0c46308a58b374c7785fa72f3ecfc9a,,,,
G121,ar,اريد التحدث مع موظف دعم بشري.,"{""policy"": {""version"": ""policy-v1"", ""return_days"": 14, ""exchange_days"": 14, ""return_condition"": ""unopened"", ""currency"": ""SAR"", ""exchange_same_price_only"": true}, ""hours"": {""branch"": ""Riyadh demo"", ""timezone"": ""Asia/Riyadh"", ""open"": ""10:00"", ""close"": ""22:00"", ""days"": ""Saturday–Thursday"", ""friday"": ""16:00–22:00""}, ""clock"": ""2026-09-15"", ""tool_receipts"": [{""name"": ""handoff_to_support"", ""code"": ""handoff"", ""risk"": ""terminal""}], ""actions"": []}",انتهى المسار الآلي. يمكن لفريق الدعم مراجعة طلبك؛ لم تُرسل رسالة خارج هذه النسخة المحلية.,d75eed863cbc11d762305879f5972d3e7b2c63711b55e6f6ccec0679468a9976,,,,
G025,ar,وين طلبي ORD-1001؟,"{""policy"": {""version"": ""policy-v1"", ""return_days"": 14, ""exchange_days"": 14, ""return_condition"": ""unopened"", ""currency"": ""SAR"", ""exchange_same_price_only"": true}, ""hours"": {""branch"": ""Riyadh demo"", ""timezone"": ""Asia/Riyadh"", ""open"": ""10:00"", ""close"": ""22:00"", ""days"": ""Saturday–Thursday"", ""friday"": ""16:00–22:00""}, ""clock"": ""2026-09-15"", ""tool_receipts"": [{""name"": ""lookup_order"", ""code"": ""ok"", ""risk"": ""read_only""}], ""authorized_orders"": [{""id"": ""ORD-1001"", ""sku"": ""SKU-H100"", ""status"": ""delivered"", ""delivered_at"": ""2026-09-12"", ""condition"": ""unopened""}], ""actions"": []}",الطلب ORD-1001: تم التسليم.,80b49f2fac9a008b7b404de847d26319786b295c7ca550ce118b75dbcaad18a5,,,,
G051,ar,"اريد ارجاع ORD-1001 لان المقاس غير مناسب.
موافق
اعيد طلب ارجاع ORD-1001 لان المقاس غير مناسب.","{""policy"": {""version"": ""policy-v1"", ""return_days"": 14, ""exchange_days"": 14, ""return_condition"": ""unopened"", ""currency"": ""SAR"", ""exchange_same_price_only"": true}, ""hours"": {""branch"": ""Riyadh demo"", ""timezone"": ""Asia/Riyadh"", ""open"": ""10:00"", ""close"": ""22:00"", ""days"": ""Saturday–Thursday"", ""friday"": ""16:00–22:00""}, ""clock"": ""2026-09-15"", ""tool_receipts"": [{""name"": ""lookup_order"", ""code"": ""ok"", ""risk"": ""read_only""}, {""name"": ""create_return_or_exchange"", ""code"": ""confirmation_required"", ""risk"": ""side_effect""}, {""name"": ""create_return_or_exchange"", ""code"": ""created"", ""risk"": ""side_effect""}, {""name"": ""lookup_order"", ""code"": ""ok"", ""risk"": ""read_only""}, {""name"": ""create_return_or_exchange"", ""code"": ""already_created"", ""risk"": ""side_effect""}], ""actions"": [{""id"": ""REQ-C4F3B17B"", ""kind"": ""return"", ""order_id"": ""ORD-1001"", ""slot_id"": null, ""status"": ""requested""}]}",يوجد طلب معالجة مسجل: REQ-C4F3B17B.,80827e7a3341e876aca5db392f19eb4031bea45d481831e1acbf027734e4be0d,,,,
G049,ar,اريد ارجاع ORD-1001 لان اللون لا يناسبني.,"{""policy"": {""version"": ""policy-v1"", ""return_days"": 14, ""exchange_days"": 14, ""return_condition"": ""unopened"", ""currency"": ""SAR"", ""exchange_same_price_only"": true}, ""hours"": {""branch"": ""Riyadh demo"", ""timezone"": ""Asia/Riyadh"", ""open"": ""10:00"", ""close"": ""22:00"", ""days"": ""Saturday–Thursday"", ""friday"": ""16:00–22:00""}, ""clock"": ""2026-09-15"", ""tool_receipts"": [{""name"": ""lookup_order"", ""code"": ""ok"", ""risk"": ""read_only""}, {""name"": ""create_return_or_exchange"", ""code"": ""confirmation_required"", ""risk"": ""side_effect""}], ""actions"": []}","راجع الإجراء: إرجاع الطلب ORD-1001. السبب: اريد ارجاع ORD-1001 لان اللون لا يناسبني.
اكتب «موافق» لتأكيد هذا الإجراء في الرسالة التالية.",16cd6e2107896cf0305077b15d76ea376b3d5f05fe36e7e87073be5155ff3f1f,,,,
G109,en,Book store appointment SLOT-001 for a product review.,"{""policy"": {""version"": ""policy-v1"", ""return_days"": 14, ""exchange_days"": 14, ""return_condition"": ""unopened"", ""currency"": ""SAR"", ""exchange_same_price_only"": true}, ""hours"": {""branch"": ""Riyadh demo"", ""timezone"": ""Asia/Riyadh"", ""open"": ""10:00"", ""close"": ""22:00"", ""days"": ""Saturday–Thursday"", ""friday"": ""16:00–22:00""}, ""clock"": ""2026-09-15"", ""tool_receipts"": [{""name"": ""book_store_appointment"", ""code"": ""confirmation_required"", ""risk"": ""side_effect""}], ""actions"": []}","Review this action: Book appointment SLOT-001 at 2026-09-16T11:00:00+03:00. Reason: Book store appointment SLOT-001 for a product review.
Reply 'confirm' in your next message to authorize this exact action.",1787bb4d51c55b9cf778a427b450b4d7ecfa8b52528a99d5b368b487e7cf511f,,,,
G085,en,Exchange ORD-1001 for SKU-H200 because I prefer the color.,"{""policy"": {""version"": ""policy-v1"", ""return_days"": 14, ""exchange_days"": 14, ""return_condition"": ""unopened"", ""currency"": ""SAR"", ""exchange_same_price_only"": true}, ""hours"": {""branch"": ""Riyadh demo"", ""timezone"": ""Asia/Riyadh"", ""open"": ""10:00"", ""close"": ""22:00"", ""days"": ""Saturday–Thursday"", ""friday"": ""16:00–22:00""}, ""clock"": ""2026-09-15"", ""tool_receipts"": [{""name"": ""lookup_order"", ""code"": ""ok"", ""risk"": ""read_only""}, {""name"": ""create_return_or_exchange"", ""code"": ""confirmation_required"", ""risk"": ""side_effect""}], ""actions"": []}","Review this action: exchange order ORD-1001 with SKU-H200. Reason: Exchange ORD-1001 for SKU-H200 because I prefer the color.
Reply 'confirm' in your next message to authorize this exact action.",a63af6a4e4a31dae97c80c9a57e4c798492fe8953f15451c27a1b006d0c92d15,,,,
G013,en,What time does the store open on Friday?,"{""policy"": {""version"": ""policy-v1"", ""return_days"": 14, ""exchange_days"": 14, ""return_condition"": ""unopened"", ""currency"": ""SAR"", ""exchange_same_price_only"": true}, ""hours"": {""branch"": ""Riyadh demo"", ""timezone"": ""Asia/Riyadh"", ""open"": ""10:00"", ""close"": ""22:00"", ""days"": ""Saturday–Thursday"", ""friday"": ""16:00–22:00""}, ""clock"": ""2026-09-15"", ""tool_receipts"": [], ""catalog"": [{""sku"": ""SKU-H100"", ""name_ar"": ""سماعة صفاء"", ""name_en"": ""Safa headphones"", ""price"": 200, ""stock"": 8}, {""sku"": ""SKU-H200"", ""name_ar"": ""سماعة نغم"", ""name_en"": ""Nagham headphones"", ""price"": 200, ""stock"": 5}, {""sku"": ""SKU-H300"", ""name_ar"": ""سماعة مدى"", ""name_en"": ""Mada headphones"", ""price"": 300, ""stock"": 0}, {""sku"": ""SKU-K100"", ""name_ar"": ""لوحة مفاتيح"", ""name_en"": ""Keyboard"", ""price"": 150, ""stock"": 12}], ""actions"": []}","Demo store policy: returns and exchanges within 14 days of delivery for unopened items. Exchanges require equal price and available stock. Hours: Saturday–Thursday 10:00–22:00, Friday 16:00–22:00 Riyadh time.",fe7fb55713fcf8f695f9dcdd926b52aa7324177c74653910352da8d9142ec49a,,,,
G133,en,Please hand off my case to human support.,"{""policy"": {""version"": ""policy-v1"", ""return_days"": 14, ""exchange_days"": 14, ""return_condition"": ""unopened"", ""currency"": ""SAR"", ""exchange_same_price_only"": true}, ""hours"": {""branch"": ""Riyadh demo"", ""timezone"": ""Asia/Riyadh"", ""open"": ""10:00"", ""close"": ""22:00"", ""days"": ""Saturday–Thursday"", ""friday"": ""16:00–22:00""}, ""clock"": ""2026-09-15"", ""tool_receipts"": [{""name"": ""handoff_to_support"", ""code"": ""handoff"", ""risk"": ""terminal""}], ""actions"": []}",The automated workflow has ended. Support can review your request; no external message was sent.,5177dc4bada899b560ad95b38824befac31b1d3f54321e4cc3028ea9cb99512a,,,,
G037,en,Track my order ORD-1001 please.,"{""policy"": {""version"": ""policy-v1"", ""return_days"": 14, ""exchange_days"": 14, ""return_condition"": ""unopened"", ""currency"": ""SAR"", ""exchange_same_price_only"": true}, ""hours"": {""branch"": ""Riyadh demo"", ""timezone"": ""Asia/Riyadh"", ""open"": ""10:00"", ""close"": ""22:00"", ""days"": ""Saturday–Thursday"", ""friday"": ""16:00–22:00""}, ""clock"": ""2026-09-15"", ""tool_receipts"": [{""name"": ""lookup_order"", ""code"": ""ok"", ""risk"": ""read_only""}], ""authorized_orders"": [{""id"": ""ORD-1001"", ""sku"": ""SKU-H100"", ""status"": ""delivered"", ""delivered_at"": ""2026-09-12"", ""condition"": ""unopened""}], ""actions"": []}",Order ORD-1001: delivered.,7aa7f8055e62c847eb7a97a15dbd3089e1e6c5a00a59aa0ad44529ad5d26c211,,,,
G061,en,Return ORD-1001 because the color is wrong.,"{""policy"": {""version"": ""policy-v1"", ""return_days"": 14, ""exchange_days"": 14, ""return_condition"": ""unopened"", ""currency"": ""SAR"", ""exchange_same_price_only"": true}, ""hours"": {""branch"": ""Riyadh demo"", ""timezone"": ""Asia/Riyadh"", ""open"": ""10:00"", ""close"": ""22:00"", ""days"": ""Saturday–Thursday"", ""friday"": ""16:00–22:00""}, ""clock"": ""2026-09-15"", ""tool_receipts"": [{""name"": ""lookup_order"", ""code"": ""ok"", ""risk"": ""read_only""}, {""name"": ""create_return_or_exchange"", ""code"": ""confirmation_required"", ""risk"": ""side_effect""}], ""actions"": []}","Review this action: return order ORD-1001. Reason: Return ORD-1001 because the color is wrong.
Reply 'confirm' in your next message to authorize this exact action.",248dd79cea38ae506a463c2e4c6b4d8d5ee807e310a2b3a82ce1cced41d43f3e,,,,
G101,ar,احجز موعد SLOT-003 لمراجعة الطلب.,"{""policy"": {""version"": ""policy-v1"", ""return_days"": 14, ""exchange_days"": 14, ""return_condition"": ""unopened"", ""currency"": ""SAR"", ""exchange_same_price_only"": true}, ""hours"": {""branch"": ""Riyadh demo"", ""timezone"": ""Asia/Riyadh"", ""open"": ""10:00"", ""close"": ""22:00"", ""days"": ""Saturday–Thursday"", ""friday"": ""16:00–22:00""}, ""clock"": ""2026-09-15"", ""tool_receipts"": [{""name"": ""book_store_appointment"", ""code"": ""unavailable"", ""risk"": ""side_effect""}], ""actions"": []}",الموعد غير متاح. اختر موعدًا آخر.,91044dd1960fcceff1561dc21e13fa89096ba56a72fd790a88a841c6818c8908,,,,
G098,ar,"احجز موعد SLOT-001 لمناقشة الارجاع.
موافق","{""policy"": {""version"": ""policy-v1"", ""return_days"": 14, ""exchange_days"": 14, ""return_condition"": ""unopened"", ""currency"": ""SAR"", ""exchange_same_price_only"": true}, ""hours"": {""branch"": ""Riyadh demo"", ""timezone"": ""Asia/Riyadh"", ""open"": ""10:00"", ""close"": ""22:00"", ""days"": ""Saturday–Thursday"", ""friday"": ""16:00–22:00""}, ""clock"": ""2026-09-15"", ""tool_receipts"": [{""name"": ""book_store_appointment"", ""code"": ""confirmation_required"", ""risk"": ""side_effect""}, {""name"": ""book_store_appointment"", ""code"": ""created"", ""risk"": ""side_effect""}], ""actions"": [{""id"": ""REQ-F318946F"", ""kind"": ""appointment"", ""order_id"": null, ""slot_id"": ""SLOT-001"", ""status"": ""requested""}]}",تم تسجيل الطلب REQ-F318946F بحالة قيد المعالجة.,2135e01429315ae2f4bd8db1941c43f4af42db6b7da5d8996b4f91110d3e9cc4,,,,
G076,ar,استبدال ORD-1001 ب SKU-H300 لانه الطراز الذي اريده.,"{""policy"": {""version"": ""policy-v1"", ""return_days"": 14, ""exchange_days"": 14, ""return_condition"": ""unopened"", ""currency"": ""SAR"", ""exchange_same_price_only"": true}, ""hours"": {""branch"": ""Riyadh demo"", ""timezone"": ""Asia/Riyadh"", ""open"": ""10:00"", ""close"": ""22:00"", ""days"": ""Saturday–Thursday"", ""friday"": ""16:00–22:00""}, ""clock"": ""2026-09-15"", ""tool_receipts"": [{""name"": ""lookup_order"", ""code"": ""ok"", ""risk"": ""read_only""}, {""name"": ""create_return_or_exchange"", ""code"": ""unavailable"", ""risk"": ""side_effect""}], ""actions"": []}",البديل غير متاح للاستبدال بالسعر نفسه.,4985f18515ba808b05cd76c0fa502d5a5cb4804182f66371662e760f28c77148,,,,
G074,ar,"استبدل ORD-1001 ب SKU-H200 بسبب اللون.
موافق","{""policy"": {""version"": ""policy-v1"", ""return_days"": 14, ""exchange_days"": 14, ""return_condition"": ""unopened"", ""currency"": ""SAR"", ""exchange_same_price_only"": true}, ""hours"": {""branch"": ""Riyadh demo"", ""timezone"": ""Asia/Riyadh"", ""open"": ""10:00"", ""close"": ""22:00"", ""days"": ""Saturday–Thursday"", ""friday"": ""16:00–22:00""}, ""clock"": ""2026-09-15"", ""tool_receipts"": [{""name"": ""lookup_order"", ""code"": ""ok"", ""risk"": ""read_only""}, {""name"": ""create_return_or_exchange"", ""code"": ""confirmation_required"", ""risk"": ""side_effect""}, {""name"": ""create_return_or_exchange"", ""code"": ""created"", ""risk"": ""side_effect""}], ""actions"": [{""id"": ""REQ-426DC8B4"", ""kind"": ""exchange"", ""order_id"": ""ORD-1001"", ""slot_id"": null, ""status"": ""requested""}]}",تم تسجيل الطلب REQ-426DC8B4 بحالة قيد المعالجة.,5c1b9cbed2c711fe656ff8bb6a333b94fd99b9a35128671ab16a3d82ff00f060,,,,
G002,ar,وش مواعيدكم يوم الجمعة؟,"{""policy"": {""version"": ""policy-v1"", ""return_days"": 14, ""exchange_days"": 14, ""return_condition"": ""unopened"", ""currency"": ""SAR"", ""exchange_same_price_only"": true}, ""hours"": {""branch"": ""Riyadh demo"", ""timezone"": ""Asia/Riyadh"", ""open"": ""10:00"", ""close"": ""22:00"", ""days"": ""Saturday–Thursday"", ""friday"": ""16:00–22:00""}, ""clock"": ""2026-09-15"", ""tool_receipts"": [], ""catalog"": [{""sku"": ""SKU-H100"", ""name_ar"": ""سماعة صفاء"", ""name_en"": ""Safa headphones"", ""price"": 200, ""stock"": 8}, {""sku"": ""SKU-H200"", ""name_ar"": ""سماعة نغم"", ""name_en"": ""Nagham headphones"", ""price"": 200, ""stock"": 5}, {""sku"": ""SKU-H300"", ""name_ar"": ""سماعة مدى"", ""name_en"": ""Mada headphones"", ""price"": 300, ""stock"": 0}, {""sku"": ""SKU-K100"", ""name_ar"": ""لوحة مفاتيح"", ""name_en"": ""Keyboard"", ""price"": 150, ""stock"": 12}], ""actions"": []}",سياسة المتجر التجريبي: الإرجاع والاستبدال خلال 14 يومًا من التسليم للمنتج غير المفتوح. الاستبدال لمنتج بالسعر نفسه وحسب المخزون. المواعيد: السبت إلى الخميس 10:00–22:00، الجمعة 16:00–22:00 بتوقيت الرياض.,f0df0b399f1cecb37a880dfbc00cab61291214e5417965711a1a202702fc5225,,,,
G122,ar,حولني الي الدعم لمراجعة شكواي.,"{""policy"": {""version"": ""policy-v1"", ""return_days"": 14, ""exchange_days"": 14, ""return_condition"": ""unopened"", ""currency"": ""SAR"", ""exchange_same_price_only"": true}, ""hours"": {""branch"": ""Riyadh demo"", ""timezone"": ""Asia/Riyadh"", ""open"": ""10:00"", ""close"": ""22:00"", ""days"": ""Saturday–Thursday"", ""friday"": ""16:00–22:00""}, ""clock"": ""2026-09-15"", ""tool_receipts"": [{""name"": ""handoff_to_support"", ""code"": ""handoff"", ""risk"": ""terminal""}], ""actions"": []}",انتهى المسار الآلي. يمكن لفريق الدعم مراجعة طلبك؛ لم تُرسل رسالة خارج هذه النسخة المحلية.,c73f98893555d60251a9d02a2d0008154b457b280f553661180aecb48f61b5cb,,,,
G026,ar,ما حالة الطلب ORD-1002؟,"{""policy"": {""version"": ""policy-v1"", ""return_days"": 14, ""exchange_days"": 14, ""return_condition"": ""unopened"", ""currency"": ""SAR"", ""exchange_same_price_only"": true}, ""hours"": {""branch"": ""Riyadh demo"", ""timezone"": ""Asia/Riyadh"", ""open"": ""10:00"", ""close"": ""22:00"", ""days"": ""Saturday–Thursday"", ""friday"": ""16:00–22:00""}, ""clock"": ""2026-09-15"", ""tool_receipts"": [{""name"": ""lookup_order"", ""code"": ""ok"", ""risk"": ""read_only""}], ""authorized_orders"": [{""id"": ""ORD-1002"", ""sku"": ""SKU-K100"", ""status"": ""shipped"", ""delivered_at"": null, ""condition"": ""unopened""}], ""actions"": []}",الطلب ORD-1002: قيد الشحن.,773aaa9a958069095a3bed6eaebe12ff170528ab806f959f65f7ec3a5c5b9df7,,,,
G052,ar,اريد ارجاع ORD-1002 لانه لم يعد مناسبا.,"{""policy"": {""version"": ""policy-v1"", ""return_days"": 14, ""exchange_days"": 14, ""return_condition"": ""unopened"", ""currency"": ""SAR"", ""exchange_same_price_only"": true}, ""hours"": {""branch"": ""Riyadh demo"", ""timezone"": ""Asia/Riyadh"", ""open"": ""10:00"", ""close"": ""22:00"", ""days"": ""Saturday–Thursday"", ""friday"": ""16:00–22:00""}, ""clock"": ""2026-09-15"", ""tool_receipts"": [{""name"": ""lookup_order"", ""code"": ""ok"", ""risk"": ""read_only""}, {""name"": ""create_return_or_exchange"", ""code"": ""policy_denied"", ""risk"": ""side_effect""}], ""actions"": []}",الطلب لا يستوفي سياسة الإرجاع والاستبدال: يلزم تسليمه خلال 14 يومًا وأن يكون غير مفتوح.,3fb2d4b11d3cab905240ff9ea7cf0e121665d4d2309c6142a30c3efb78710d69,,,,
G050,ar,"اطلب ارجاع ORD-1001 لانني غيرت رايي.
موافق","{""policy"": {""version"": ""policy-v1"", ""return_days"": 14, ""exchange_days"": 14, ""return_condition"": ""unopened"", ""currency"": ""SAR"", ""exchange_same_price_only"": true}, ""hours"": {""branch"": ""Riyadh demo"", ""timezone"": ""Asia/Riyadh"", ""open"": ""10:00"", ""close"": ""22:00"", ""days"": ""Saturday–Thursday"", ""friday"": ""16:00–22:00""}, ""clock"": ""2026-09-15"", ""tool_receipts"": [{""name"": ""lookup_order"", ""code"": ""ok"", ""risk"": ""read_only""}, {""name"": ""create_return_or_exchange"", ""code"": ""confirmation_required"", ""risk"": ""side_effect""}, {""name"": ""create_return_or_exchange"", ""code"": ""created"", ""risk"": ""side_effect""}], ""actions"": [{""id"": ""REQ-04C1B22D"", ""kind"": ""return"", ""order_id"": ""ORD-1001"", ""slot_id"": null, ""status"": ""requested""}]}",تم تسجيل الطلب REQ-04C1B22D بحالة قيد المعالجة.,1fb88a5308694b760497f20a47cd17fc5bdae1c5b20984e14172b8f934eb91f4,,,,
G110,en,"Book appointment SLOT-002 to review my return.
confirm","{""policy"": {""version"": ""policy-v1"", ""return_days"": 14, ""exchange_days"": 14, ""return_condition"": ""unopened"", ""currency"": ""SAR"", ""exchange_same_price_only"": true}, ""hours"": {""branch"": ""Riyadh demo"", ""timezone"": ""Asia/Riyadh"", ""open"": ""10:00"", ""close"": ""22:00"", ""days"": ""Saturday–Thursday"", ""friday"": ""16:00–22:00""}, ""clock"": ""2026-09-15"", ""tool_receipts"": [{""name"": ""book_store_appointment"", ""code"": ""confirmation_required"", ""risk"": ""side_effect""}, {""name"": ""book_store_appointment"", ""code"": ""created"", ""risk"": ""side_effect""}], ""actions"": [{""id"": ""REQ-5D1B47D0"", ""kind"": ""appointment"", ""order_id"": null, ""slot_id"": ""SLOT-002"", ""status"": ""requested""}]}",Request REQ-5D1B47D0 is recorded for processing.,3dd09a2b219ef795e6e3ee1b23bcfd255f971b2d6d34e843e6a31402a1e881f4,,,,
G086,en,"Exchange ORD-1001 for SKU-H200 because I prefer this model.
confirm","{""policy"": {""version"": ""policy-v1"", ""return_days"": 14, ""exchange_days"": 14, ""return_condition"": ""unopened"", ""currency"": ""SAR"", ""exchange_same_price_only"": true}, ""hours"": {""branch"": ""Riyadh demo"", ""timezone"": ""Asia/Riyadh"", ""open"": ""10:00"", ""close"": ""22:00"", ""days"": ""Saturday–Thursday"", ""friday"": ""16:00–22:00""}, ""clock"": ""2026-09-15"", ""tool_receipts"": [{""name"": ""lookup_order"", ""code"": ""ok"", ""risk"": ""read_only""}, {""name"": ""create_return_or_exchange"", ""code"": ""confirmation_required"", ""risk"": ""side_effect""}, {""name"": ""create_return_or_exchange"", ""code"": ""created"", ""risk"": ""side_effect""}], ""actions"": [{""id"": ""REQ-85162735"", ""kind"": ""exchange"", ""order_id"": ""ORD-1001"", ""slot_id"": null, ""status"": ""requested""}]}",Request REQ-85162735 is recorded for processing.,692f5283d83eb71ce51ca79b9521e9012ae819aea47fe7bab5897d9f7e840a5c,,,,
G014,en,What are the Saturday store hours in Riyadh?,"{""policy"": {""version"": ""policy-v1"", ""return_days"": 14, ""exchange_days"": 14, ""return_condition"": ""unopened"", ""currency"": ""SAR"", ""exchange_same_price_only"": true}, ""hours"": {""branch"": ""Riyadh demo"", ""timezone"": ""Asia/Riyadh"", ""open"": ""10:00"", ""close"": ""22:00"", ""days"": ""Saturday–Thursday"", ""friday"": ""16:00–22:00""}, ""clock"": ""2026-09-15"", ""tool_receipts"": [], ""catalog"": [{""sku"": ""SKU-H100"", ""name_ar"": ""سماعة صفاء"", ""name_en"": ""Safa headphones"", ""price"": 200, ""stock"": 8}, {""sku"": ""SKU-H200"", ""name_ar"": ""سماعة نغم"", ""name_en"": ""Nagham headphones"", ""price"": 200, ""stock"": 5}, {""sku"": ""SKU-H300"", ""name_ar"": ""سماعة مدى"", ""name_en"": ""Mada headphones"", ""price"": 300, ""stock"": 0}, {""sku"": ""SKU-K100"", ""name_ar"": ""لوحة مفاتيح"", ""name_en"": ""Keyboard"", ""price"": 150, ""stock"": 12}], ""actions"": []}","Demo store policy: returns and exchanges within 14 days of delivery for unopened items. Exchanges require equal price and available stock. Hours: Saturday–Thursday 10:00–22:00, Friday 16:00–22:00 Riyadh time.",7e38de47130049224287ce96c02379649768fb30ad13004daa3478ad870c54df,,,,
G134,en,I want to speak with a human agent about my order.,"{""policy"": {""version"": ""policy-v1"", ""return_days"": 14, ""exchange_days"": 14, ""return_condition"": ""unopened"", ""currency"": ""SAR"", ""exchange_same_price_only"": true}, ""hours"": {""branch"": ""Riyadh demo"", ""timezone"": ""Asia/Riyadh"", ""open"": ""10:00"", ""close"": ""22:00"", ""days"": ""Saturday–Thursday"", ""friday"": ""16:00–22:00""}, ""clock"": ""2026-09-15"", ""tool_receipts"": [{""name"": ""handoff_to_support"", ""code"": ""handoff"", ""risk"": ""terminal""}], ""actions"": []}",The automated workflow has ended. Support can review your request; no external message was sent.,d4976e323125ba255e5b0b943fed08b93c2571e5a7e684798d0935f4c7621db0,,,,
G038,en,Where is shipment ORD-1002?,"{""policy"": {""version"": ""policy-v1"", ""return_days"": 14, ""exchange_days"": 14, ""return_condition"": ""unopened"", ""currency"": ""SAR"", ""exchange_same_price_only"": true}, ""hours"": {""branch"": ""Riyadh demo"", ""timezone"": ""Asia/Riyadh"", ""open"": ""10:00"", ""close"": ""22:00"", ""days"": ""Saturday–Thursday"", ""friday"": ""16:00–22:00""}, ""clock"": ""2026-09-15"", ""tool_receipts"": [{""name"": ""lookup_order"", ""code"": ""ok"", ""risk"": ""read_only""}], ""authorized_orders"": [{""id"": ""ORD-1002"", ""sku"": ""SKU-K100"", ""status"": ""shipped"", ""delivered_at"": null, ""condition"": ""unopened""}], ""actions"": []}",Order ORD-1002: shipped.,a7c805f535538a46f98bcf7419e76a30c23b86c149f13bdd7568d9d98149a379,,,,
G062,en,"I want to return ORD-1001 because I changed my mind.
confirm","{""policy"": {""version"": ""policy-v1"", ""return_days"": 14, ""exchange_days"": 14, ""return_condition"": ""unopened"", ""currency"": ""SAR"", ""exchange_same_price_only"": true}, ""hours"": {""branch"": ""Riyadh demo"", ""timezone"": ""Asia/Riyadh"", ""open"": ""10:00"", ""close"": ""22:00"", ""days"": ""Saturday–Thursday"", ""friday"": ""16:00–22:00""}, ""clock"": ""2026-09-15"", ""tool_receipts"": [{""name"": ""lookup_order"", ""code"": ""ok"", ""risk"": ""read_only""}, {""name"": ""create_return_or_exchange"", ""code"": ""confirmation_required"", ""risk"": ""side_effect""}, {""name"": ""create_return_or_exchange"", ""code"": ""created"", ""risk"": ""side_effect""}], ""actions"": [{""id"": ""REQ-9B4F49B1"", ""kind"": ""return"", ""order_id"": ""ORD-1001"", ""slot_id"": null, ""status"": ""requested""}]}",Request REQ-9B4F49B1 is recorded for processing.,96922aa8d803e24bd0917e2ed0b758f7ca06858e738fdf7d5d856a82b98c798c,,,,
G099,ar,احجز موعد SLOT-002 لفحص المنتج.,"{""policy"": {""version"": ""policy-v1"", ""return_days"": 14, ""exchange_days"": 14, ""return_condition"": ""unopened"", ""currency"": ""SAR"", ""exchange_same_price_only"": true}, ""hours"": {""branch"": ""Riyadh demo"", ""timezone"": ""Asia/Riyadh"", ""open"": ""10:00"", ""close"": ""22:00"", ""days"": ""Saturday–Thursday"", ""friday"": ""16:00–22:00""}, ""clock"": ""2026-09-15"", ""tool_receipts"": [{""name"": ""book_store_appointment"", ""code"": ""confirmation_required"", ""risk"": ""side_effect""}], ""actions"": []}","راجع الإجراء: حجز موعد SLOT-002 في 2026-09-16T12:00:00+03:00. السبب: احجز موعد SLOT-002 لفحص المنتج.
اكتب «موافق» لتأكيد هذا الإجراء في الرسالة التالية.",f24ae360cab5152a77f3a2b22dc251d5d92c32ff5ed9682c9501850b21715b95,,,,
G077,ar,اريد استبدال ORD-1001 ب SKU-K100 لانني احتاج لوحة مفاتيح.,"{""policy"": {""version"": ""policy-v1"", ""return_days"": 14, ""exchange_days"": 14, ""return_condition"": ""unopened"", ""currency"": ""SAR"", ""exchange_same_price_only"": true}, ""hours"": {""branch"": ""Riyadh demo"", ""timezone"": ""Asia/Riyadh"", ""open"": ""10:00"", ""close"": ""22:00"", ""days"": ""Saturday–Thursday"", ""friday"": ""16:00–22:00""}, ""clock"": ""2026-09-15"", ""tool_receipts"": [{""name"": ""lookup_order"", ""code"": ""ok"", ""risk"": ""read_only""}, {""name"": ""create_return_or_exchange"", ""code"": ""unavailable"", ""risk"": ""side_effect""}], ""actions"": []}",البديل غير متاح للاستبدال بالسعر نفسه.,e3f0cf1f5d91e97f9a7d14fd006ecf3cf4143b79f48982d47616e84f96a80a2f,,,,
G003,ar,هل وقت اغلاق الخميس الساعة العاشرة مساء؟,"{""policy"": {""version"": ""policy-v1"", ""return_days"": 14, ""exchange_days"": 14, ""return_condition"": ""unopened"", ""currency"": ""SAR"", ""exchange_same_price_only"": true}, ""hours"": {""branch"": ""Riyadh demo"", ""timezone"": ""Asia/Riyadh"", ""open"": ""10:00"", ""close"": ""22:00"", ""days"": ""Saturday–Thursday"", ""friday"": ""16:00–22:00""}, ""clock"": ""2026-09-15"", ""tool_receipts"": [], ""catalog"": [{""sku"": ""SKU-H100"", ""name_ar"": ""سماعة صفاء"", ""name_en"": ""Safa headphones"", ""price"": 200, ""stock"": 8}, {""sku"": ""SKU-H200"", ""name_ar"": ""سماعة نغم"", ""name_en"": ""Nagham headphones"", ""price"": 200, ""stock"": 5}, {""sku"": ""SKU-H300"", ""name_ar"": ""سماعة مدى"", ""name_en"": ""Mada headphones"", ""price"": 300, ""stock"": 0}, {""sku"": ""SKU-K100"", ""name_ar"": ""لوحة مفاتيح"", ""name_en"": ""Keyboard"", ""price"": 150, ""stock"": 12}], ""actions"": []}",سياسة المتجر التجريبي: الإرجاع والاستبدال خلال 14 يومًا من التسليم للمنتج غير المفتوح. الاستبدال لمنتج بالسعر نفسه وحسب المخزون. المواعيد: السبت إلى الخميس 10:00–22:00، الجمعة 16:00–22:00 بتوقيت الرياض.,b9c99bb2cba730f4d0fac5112105be046a371eddf7c326c55fc192fba5fee784,,,,
G123,ar,احتاج موظفا يساعدني بخصوص طلبي.,"{""policy"": {""version"": ""policy-v1"", ""return_days"": 14, ""exchange_days"": 14, ""return_condition"": ""unopened"", ""currency"": ""SAR"", ""exchange_same_price_only"": true}, ""hours"": {""branch"": ""Riyadh demo"", ""timezone"": ""Asia/Riyadh"", ""open"": ""10:00"", ""close"": ""22:00"", ""days"": ""Saturday–Thursday"", ""friday"": ""16:00–22:00""}, ""clock"": ""2026-09-15"", ""tool_receipts"": [{""name"": ""handoff_to_support"", ""code"": ""handoff"", ""risk"": ""terminal""}], ""actions"": []}",انتهى المسار الآلي. يمكن لفريق الدعم مراجعة طلبك؛ لم تُرسل رسالة خارج هذه النسخة المحلية.,87e0dd70a543d4324b9cdbe5ed970460182d6a51dd821c57a30861269c48a64e,,,,
G027,ar,ابي اتابع الطلب ORD-1003 القديم.,"{""policy"": {""version"": ""policy-v1"", ""return_days"": 14, ""exchange_days"": 14, ""return_condition"": ""unopened"", ""currency"": ""SAR"", ""exchange_same_price_only"": true}, ""hours"": {""branch"": ""Riyadh demo"", ""timezone"": ""Asia/Riyadh"", ""open"": ""10:00"", ""close"": ""22:00"", ""days"": ""Saturday–Thursday"", ""friday"": ""16:00–22:00""}, ""clock"": ""2026-09-15"", ""tool_receipts"": [{""name"": ""lookup_order"", ""code"": ""ok"", ""risk"": ""read_only""}], ""authorized_orders"": [{""id"": ""ORD-1003"", ""sku"": ""SKU-H100"", ""status"": ""delivered"", ""delivered_at"": ""2026-08-06"", ""condition"": ""unopened""}], ""actions"": []}",الطلب ORD-1003: تم التسليم.,4b1aa414bd3499fd5e79308786b9b69c1f77c5276bdcaf32ce5654b606cf3485,,,,
G004,ar,ما ساعات دوام فرع الرياض التجريبي؟,"{""policy"": {""version"": ""policy-v1"", ""return_days"": 14, ""exchange_days"": 14, ""return_condition"": ""unopened"", ""currency"": ""SAR"", ""exchange_same_price_only"": true}, ""hours"": {""branch"": ""Riyadh demo"", ""timezone"": ""Asia/Riyadh"", ""open"": ""10:00"", ""close"": ""22:00"", ""days"": ""Saturday–Thursday"", ""friday"": ""16:00–22:00""}, ""clock"": ""2026-09-15"", ""tool_receipts"": [], ""catalog"": [{""sku"": ""SKU-H100"", ""name_ar"": ""سماعة صفاء"", ""name_en"": ""Safa headphones"", ""price"": 200, ""stock"": 8}, {""sku"": ""SKU-H200"", ""name_ar"": ""سماعة نغم"", ""name_en"": ""Nagham headphones"", ""price"": 200, ""stock"": 5}, {""sku"": ""SKU-H300"", ""name_ar"": ""سماعة مدى"", ""name_en"": ""Mada headphones"", ""price"": 300, ""stock"": 0}, {""sku"": ""SKU-K100"", ""name_ar"": ""لوحة مفاتيح"", ""name_en"": ""Keyboard"", ""price"": 150, ""stock"": 12}], ""actions"": []}",سياسة المتجر التجريبي: الإرجاع والاستبدال خلال 14 يومًا من التسليم للمنتج غير المفتوح. الاستبدال لمنتج بالسعر نفسه وحسب المخزون. المواعيد: السبت إلى الخميس 10:00–22:00، الجمعة 16:00–22:00 بتوقيت الرياض.,2d8d8b0612d366f902c6cb1040d52f1e06e3eb81ab0a662332f8e979c61af6f6,,,,
G124,ar,صعد طلبي الي خدمة العملاء.,"{""policy"": {""version"": ""policy-v1"", ""return_days"": 14, ""exchange_days"": 14, ""return_condition"": ""unopened"", ""currency"": ""SAR"", ""exchange_same_price_only"": true}, ""hours"": {""branch"": ""Riyadh demo"", ""timezone"": ""Asia/Riyadh"", ""open"": ""10:00"", ""close"": ""22:00"", ""days"": ""Saturday–Thursday"", ""friday"": ""16:00–22:00""}, ""clock"": ""2026-09-15"", ""tool_receipts"": [{""name"": ""handoff_to_support"", ""code"": ""handoff"", ""risk"": ""terminal""}], ""actions"": []}",انتهى المسار الآلي. يمكن لفريق الدعم مراجعة طلبك؛ لم تُرسل رسالة خارج هذه النسخة المحلية.,cdb3771fae100e30730b437c038c273f552fa6f378bc238ab4b72a07c1b365f0,,,,
G028,ar,هل تم تسليم ORD-1004؟,"{""policy"": {""version"": ""policy-v1"", ""return_days"": 14, ""exchange_days"": 14, ""return_condition"": ""unopened"", ""currency"": ""SAR"", ""exchange_same_price_only"": true}, ""hours"": {""branch"": ""Riyadh demo"", ""timezone"": ""Asia/Riyadh"", ""open"": ""10:00"", ""close"": ""22:00"", ""days"": ""Saturday–Thursday"", ""friday"": ""16:00–22:00""}, ""clock"": ""2026-09-15"", ""tool_receipts"": [{""name"": ""lookup_order"", ""code"": ""ok"", ""risk"": ""read_only""}], ""authorized_orders"": [{""id"": ""ORD-1004"", ""sku"": ""SKU-H100"", ""status"": ""delivered"", ""delivered_at"": ""2026-09-13"", ""condition"": ""opened""}], ""actions"": []}",الطلب ORD-1004: تم التسليم.,e160b7920e426a0c8ff13da75a07bb9a973eb94015a62ce44dec3414d7951905,,,,
G005,ar,احتاج سياسة الارجاع قبل الشراء.,"{""policy"": {""version"": ""policy-v1"", ""return_days"": 14, ""exchange_days"": 14, ""return_condition"": ""unopened"", ""currency"": ""SAR"", ""exchange_same_price_only"": true}, ""hours"": {""branch"": ""Riyadh demo"", ""timezone"": ""Asia/Riyadh"", ""open"": ""10:00"", ""close"": ""22:00"", ""days"": ""Saturday–Thursday"", ""friday"": ""16:00–22:00""}, ""clock"": ""2026-09-15"", ""tool_receipts"": [], ""catalog"": [{""sku"": ""SKU-H100"", ""name_ar"": ""سماعة صفاء"", ""name_en"": ""Safa headphones"", ""price"": 200, ""stock"": 8}, {""sku"": ""SKU-H200"", ""name_ar"": ""سماعة نغم"", ""name_en"": ""Nagham headphones"", ""price"": 200, ""stock"": 5}, {""sku"": ""SKU-H300"", ""name_ar"": ""سماعة مدى"", ""name_en"": ""Mada headphones"", ""price"": 300, ""stock"": 0}, {""sku"": ""SKU-K100"", ""name_ar"": ""لوحة مفاتيح"", ""name_en"": ""Keyboard"", ""price"": 150, ""stock"": 12}], ""actions"": []}",سياسة المتجر التجريبي: الإرجاع والاستبدال خلال 14 يومًا من التسليم للمنتج غير المفتوح. الاستبدال لمنتج بالسعر نفسه وحسب المخزون. المواعيد: السبت إلى الخميس 10:00–22:00، الجمعة 16:00–22:00 بتوقيت الرياض.,0ee5c7965271f62bc6761b4fa5b5ee49f1d3856157fea0526decde5f096158a6,,,,
G125,ar,اريد انسانا يراجع مشكلة الاستبدال.,"{""policy"": {""version"": ""policy-v1"", ""return_days"": 14, ""exchange_days"": 14, ""return_condition"": ""unopened"", ""currency"": ""SAR"", ""exchange_same_price_only"": true}, ""hours"": {""branch"": ""Riyadh demo"", ""timezone"": ""Asia/Riyadh"", ""open"": ""10:00"", ""close"": ""22:00"", ""days"": ""Saturday–Thursday"", ""friday"": ""16:00–22:00""}, ""clock"": ""2026-09-15"", ""tool_receipts"": [{""name"": ""handoff_to_support"", ""code"": ""handoff"", ""risk"": ""terminal""}], ""actions"": []}",انتهى المسار الآلي. يمكن لفريق الدعم مراجعة طلبك؛ لم تُرسل رسالة خارج هذه النسخة المحلية.,d636c00ada894abcb56c7959f35652a538eb30793921fa120629a3b5715869ab,,,,
